{"cameraMode":{"drawMode":0,"name":"Shaded","section":"Shading Mode"},"sceneLighting":true,"audioPlay":false,"sceneViewState":{"showFog":true,"showMaterialUpdate":false,"showSkybox":true,"showFlares":true,"showImageEffects":true,"showParticleSystems":true},"in2DMode":false,"pivot":{"x":7.627706527709961,"y":-4.049044609069824,"z":-1.322596549987793},"rotation":{"x":-0.1874525398015976,"y":-0.38681262731552126,"z":0.08062821626663208,"w":-0.8993011713027954},"size":10.607370376586914,"orthographic":false}